{{- $offlineSearchIndex := resources.Get "json/offline-search-index.json" | resources.ExecuteAsTemplate "/offline-search-index.json" . -}}
{{- $offlineSearchIndexFingerprint := $offlineSearchIndex | resources.Fingerprint "sha512" -}}
{
    "content": {{.ProcessedContent | htmlUnescape | jsonify}},
    "params": {{.Params | jsonify }},
    "searchIndex": {{ $offlineSearchIndexFingerprint.Permalink | jsonify }},
    "pages": [
        {{ template "section-tree-nav-section" (dict "section" .FirstSection)  }}
    ]
}
{{- define "section-tree-nav-section" -}}
{{- $s := .section -}}
{{- $pages := where (union $s.Pages $s.Sections).ByWeight ".Params.toc_hide" "!=" true -}}
{{- range $index, $page := $pages -}}
{{- if $index -}}, {{- end -}}
{{- if .IsPage -}}
{{- dict "title" .Title "link" .RelPermalink "params" .Params | jsonify -}}
{{- else -}}
{
    "title": {{ .Title | jsonify }},
    "link": {{ .RelPermalink | jsonify }},
    "params": {{ .Params | jsonify }},
    "children": [
        {{- template "section-tree-nav-section" (dict "section" .) -}}
    ]
}
{{- end -}}
{{- end -}}
{{- end -}}